importId,product.code,unit.name,stockLocation.name,currentQty,futureQty
110-SC-BLU - ZDental,110-SC-BLU,Each,Z Dental,"43,920","43,920"
110-SC-BLU-CASE - ZDental,110-SC-BLU-CASE,Each,Z Dental,648,648
600-110-SC-GRN-DD - ZDental,600-110-SC-GRN-DD,Each,Z Dental,"5,378","5,378"
110-SC-GRN - ZDental,110-SC-GRN,Each,Z Dental,"42,903","42,903"
110-SC-GRN-CASE - ZDental,110-SC-GRN-CASE,Each,Z Dental,0,0
110-SC-NAVY - ZDental,110-SC-NAVY,Each,Z Dental,0,0
110-SC-RED - ZDental,110-SC-RED,Each,Z Dental,0,0
110-SC-WHT - ZDental,110-SC-WHT,Each,Z Dental,"63,288","63,288"
110-SC-WHT-CASE - ZDental,110-SC-WHT-CASE,Each,Z Dental,"2,880","2,880"
110-SC TP - WHT - ZDental,110-SC TP - WHT,Each,Z Dental,0,0
100-130 - ZDental,100-130,Each,Z Dental,"37,728","37,728"
100-130-CPBC - ZDental,100-130-CPBC,Each,Z Dental,576,576
100-138-Y - ZDental,100-138-Y,Each,Z Dental,"11,712","11,712"
600-100-138-Y-DD - ZDental,600-100-138-Y-DD,Each,Z Dental,0,0
100-151-Z-ALTUS - ZDental,100-151-Z-ALTUS,Each,Z Dental,"19,728","19,728"
100-151-Z-DD - ZDental,100-151-Z-DD,Each,Z Dental,0,0
100-198-DE - ZDental,100-198-DE,Each,Z Dental,"2,304","2,304"
100-202-AETNA - KillerSmilez,100-202-AETNA,Each,Killer Smilez,"3,744","3,744"
600-202-Z-DD - ZDental,600-202-Z-DD,Each,Z Dental,0,0
100-202-Z - ZDental,100-202-Z,Each,Z Dental,"21,024","21,024"
600-226-DD - ZDental,600-226-DD,Each,Z Dental,0,0
100-226-MO - ZDental,100-226-MO,Each,Z Dental,"59,447","59,447"
100-226-RC - ZDental,100-226-RC,Each,Z Dental,0,0
100-226-Z - ZDental,100-226-Z,Each,Z Dental,0,0
600-236-DD - ZDental,600-236-DD,Each,Z Dental,0,0
100-236-Z - ZDental,100-236-Z,Each,Z Dental,"6,048","6,048"
100-330 - ZDental,100-330,Each,Z Dental,0,0
600-100-442-DD - ZDental,600-100-442-DD,Each,Z Dental,252,252
600-100-442-GRN-DD - ZDental,600-100-442-GRN-DD,Each,Z Dental,"6,912","6,912"
600-100-446-DD - ZDental,600-100-446-DD,Each,Z Dental,0,0
600-100-448-DD - ZDental,600-100-448-DD,Each,Z Dental,"53,424","53,424"
600-100-448-BLU-DD - ZDental,600-100-448-BLU-DD,Each,Z Dental,0,0
600-100-448-GRN-DD - ZDental,600-100-448-GRN-DD,Each,Z Dental,"4,176","4,176"
600-100-448-LAV-DD - ZDental,600-100-448-LAV-DD,Each,Z Dental,0,0
600-100-626-DD - ZDental,600-100-626-DD,Each,Z Dental,576,576
100-626-MO - ZDental,100-626-MO,Each,Z Dental,"97,751","97,751"
100-815-Z - ZDental,100-815-Z,Each,Z Dental,"55,872","55,872"
600-100-819-I-DD - ZDental,600-100-819-I-DD,Each,Z Dental,0,0
100-819-I-DE - ZDental,100-819-I-DE,Each,Z Dental,"53,796","53,796"
100-819-P-ULT - ZDental,100-819-P-ULT,Each,Z Dental,"29,088","29,088"
100-819-S - ZDental,100-819-S,Each,Z Dental,"46,368","46,368"
500-100-819-S-AETNA - ZDental,500-100-819-S-AETNA,Each,Z Dental,"14,688","14,688"
100-819-S-BLU - ZDental,100-819-S-BLU,Each,Z Dental,0,0
100-819-S-GRN - ZDental,100-819-S-GRN,Each,Z Dental,0,0
100-819-S-PUR - ZDental,100-819-S-PUR,Each,Z Dental,0,0
100-819-S-CS-360 - ZDental,100-819-S-CS-360,Each,Z Dental,576,576
100-819-S-SC - ZDental,100-819-S-SC,Each,Z Dental,0,0
600-100-819-S-DD - ZDental,600-100-819-S-DD,Each,Z Dental,0,0
600-100-819-S-GRN-DD - ZDental,600-100-819-S-GRN-DD,Each,Z Dental,0,0
600-100-819-S-PNK-DD - ZDental,600-100-819-S-PNK-DD,Each,Z Dental,0,0
100-819-S-MOO - ZDental,100-819-S-MOO,Each,Z Dental,144,144
100-819-S-BC-MI - ZDental,100-819-S-BC-MI,Each,Z Dental,"6,768","6,768"
100-819-S-DOMINION - ZDental,100-819-S-DOMINION,Each,Z Dental,576,576
100-821-DD - ZDental,100-821-DD,Each,Z Dental,0,0
100-826-DD - ZDental,100-826-DD,Each,Z Dental,48,48
100-826-Z - ZDental,100-826-Z,Each,Z Dental,144,144
100-823-DE - ZDental,100-823-DE,Each,Z Dental,"15,696","15,696"
200-330-CPBC - ZDental,200-330-CPBC,Each,Z Dental,864,864
200-330-DOG - ZDental,200-330-DOG,Each,Z Dental,"4,608","4,608"
100-871-DD - ZDental,100-871-DD,Each,Z Dental,0,0
500-100-138-AETNA - ZDental,500-100-138-AETNA,Each,Z Dental,"45,504","45,504"
100-USO-1 - ZDental,100-USO-1,Each,Z Dental,"26,928","26,928"
100-TBCAP - ZDental,100-TBCAP,Each,Z Dental,"3,124","3,124"
600-100-TRAVEL DD - ZDental,600-100-TRAVEL DD,Each,Z Dental,"32,112","32,112"
100-TRAVEL DE - ZDental,100-TRAVEL DE,Each,Z Dental,"7,459","7,459"
100-DENTUREBRUSH-TT - ZDental,100-DENTUREBRUSH-TT,Each,Z Dental,0,0
100-DENTUREBRUSH - ZDental,100-DENTUREBRUSH,Each,Z Dental,"28,950","28,950"
100-F236 - ZDental,100-F236,Each,Z Dental,"6,048","6,048"
100-FINGERB-144 - ZDental,100-FINGERB-144,Each,Z Dental,"6,048","6,048"
100-HLTB - ZDental,100-HLTB,Each,Z Dental,"2,304","2,304"
100-HLTBJR - ZDental,100-HLTBJR,Each,Z Dental,0,0
100-TBHLDR - ZDental,100-TBHLDR,Each,Z Dental,600,600
100-INTERPROXIAL - ZDental,100-INTERPROXIAL,Each,Z Dental,"1,775","1,775"
100-IPX-PURPLE - ZDental,100-IPX-PURPLE,Each,Z Dental,0,0
100-ISB - ZDental,100-ISB,Each,Z Dental,"14,179","14,197"
9000-753128 - ZDental,9000-753128,Each,Z Dental,0,0
100-PRI-3PP - ZDental,100-PRI-3PP,Each,Z Dental,0,0
100-PRI-3 - ZDental,100-PRI-3,Each,Z Dental,0,0
100-PROMISE-SINGLE - ZDental,100-PROMISE-SINGLE,Each,Z Dental,"68,760","68,760"
100-PROMISE-DP - ZDental,100-PROMISE-DP,Each,Z Dental,"10,000","10,000"
100-PROMISE-48 PK - ZDental,100-PROMISE-48 PK,Each,Z Dental,0,0
100-RAZ-S - ZDental,100-RAZ-S,Each,Z Dental,0,0
100-TOOFER - ZDental,100-TOOFER,Each,Z Dental,"8,117","8,117"
100-TOOTHWIPES - ZDental,100-TOOTHWIPES,Each,Z Dental,0,0
110-FLOSS-100YD - ZDental,110-FLOSS-100YD,Each,Z Dental,"2,160","2,160"
110-FLOSS-MINT-72 - ZDental,110-FLOSS-MINT-72,Each,Z Dental,0,0
110-FLOSS-MINT-BK - KillerSmilez,110-FLOSS-MINT-BK,Each,Killer Smilez,"5,976","5,976"
600-110-FLOSS-M-72 - ZDental,600-110-FLOSS-M-72,Each,Z Dental,0,0
600-110-FLOSS-M-DD - ZDental,600-110-FLOSS-M-DD,Each,Z Dental,0,0
600-110-FLOSS-T-72 - ZDental,600-110-FLOSS-T-72,Each,Z Dental,0,0
110-FLOSS-HDE-72 - ZDental,110-FLOSS-HDE-72,Each,Z Dental,0,0
110-FLOSS-HDE - ZDental,110-FLOSS-HDE,Each,Z Dental,0,0
110-SS08 - ZDental,110-SS08,Each,Z Dental,"11,304","11,304"
110-FLOSS-NF-72 - ZDental,110-FLOSS-NF-72,Each,Z Dental,Inactive,
110-15NF-72 - ZDental,110-15NF-72,Each,Z Dental,"23,184","23,184"
110-FLOSS-18YD-TAPE-DD - ZDental,110-FLOSS-18YD-TAPE-DD,Each,Z Dental,0,0
110-FLOSS-18M-DD - ZDental,110-FLOSS-18M-DD,Each,Z Dental,"10,080","10,080"
110-FLOSS-18M - ZDental,110-FLOSS-18M,Each,Z Dental,0,0
110-FLOSS-3YD-EXP - ZDental,110-FLOSS-3YD-EXP,Each,Z Dental,0,0
110-FLOSS-3YD-DD-TAPE - ZDental,110-FLOSS-3YD-DD-TAPE,Each,Z Dental,0,0
110-FLOSS-YD-72 - ZDental,110-FLOSS-YD-72,Each,Z Dental,0,0
110-FLOSS-3YD-72 - ZDental,110-FLOSS-3YD-72,Each,Z Dental,0,0
500-100-FLOSS-12YD-AETNA - ZDental,500-100-FLOSS-12YD-AETNA,Each,Z Dental,0,0
500-100-FLOSS-18YD-AETNA - ZDental,500-100-FLOSS-18YD-AETNA,Each,Z Dental,"21,961","21,961"
500-100-3YD-BLK - ZDental,500-100-3YD-BLK,Each,Z Dental,0,0
110-FLOSS-FR - ZDental,110-FLOSS-FR,Each,Z Dental,0,0
110-FLOSSER-OC - ZDental,110-FLOSSER-OC,Each,Z Dental,"6,125","6,125"
110-FLOSS-PICKS - ZDental,110-FLOSS-PICKS,Each,Z Dental,"14,200","14,200"
209-2TIMER-144-ct - ZDental,209-2TIMER-144-ct,Each,Z Dental,"5,632","5,632"
209-2TIMER-DD - ZDental,209-2TIMER-DD,Each,Z Dental,"17,351","17,351"
209-TOOT-002 - ZDental,209-TOOT-002,Each,Z Dental,0,0
209-TOOT-DD - ZDental,209-TOOT-DD,Each,Z Dental,0,0
100-MMDE - ZDental,100-MMDE,Each,Z Dental,"20,236","20,236"
130-STC-01-TS - ZDental,130-STC-01-TS,Each,Z Dental,"1,181","1,181"
100-500-DD - ZDental,100-500-DD,Each,Z Dental,0,0
100-500-Z - ZDental,100-500-Z,Each,Z Dental,"9,936","9,936"
900-FMP-3PLY-K - ZDental,900-FMP-3PLY-K,Each,Z Dental,0,0
900-FM-3PLY-A - ZDental,900-FM-3PLY-A,Each,Z Dental,"760,000","760,000"
500-900-MASK-MBR - ZDental,500-900-MASK-MBR,Each,Z Dental,0,0
500-900-MASK-FREE - ZDental,500-900-MASK-FREE,Each,Z Dental,0,0
500-900-KN95-BLK - ZDental,500-900-KN95-BLK,Each,Z Dental,"8,292","8,292"
500-900-KN95-MBR - ZDental,500-900-KN95-MBR,Each,Z Dental,"8,292","8,292"
500-900-MASK-KN95-ZD - ZDental,500-900-MASK-KN95-ZD,Each,Z Dental,"8,292","8,292"
500-900-3PLY-AETNA-MBR - ZDental,500-900-3PLY-AETNA-MBR,Each,Z Dental,990,990
500-MASK-3PLY-ZD - ZDental,500-MASK-3PLY-ZD,Each,Z Dental,0,0
500-910-FS-BLK - ZDental,500-910-FS-BLK,Each,Z Dental,0,0
500-910-FS-LOUPE-BLK - ZDental,500-910-FS-LOUPE-BLK,Each,Z Dental,0,0
300-ZD-FW - ZDental,300-ZD-FW,Each,Z Dental,102,102
500-300-ZD-FW-AETNA - ZDental,500-300-ZD-FW-AETNA,Each,Z Dental,18,18
300-ZD-FW-ALTUS - ZDental,300-ZD-FW-ALTUS,Each,Z Dental,0,0
300-ZD-FW-DCPG - ZDental,300-ZD-FW-DCPG,Each,Z Dental,26,26
600-300-ZD-FW-DD - ZDental,600-300-ZD-FW-DD,Each,Z Dental,257,257
600-300-ZD-FW-DDAZ - ZDental,600-300-ZD-FW-DDAZ,Each,Z Dental,257,257
600-300-ZD-FW-DDID - ZDental,600-300-ZD-FW-DDID,Each,Z Dental,257,257
600-300-ZD-FW-DDMA - ZDental,600-300-ZD-FW-DDMA,Each,Z Dental,257,257
600-300-ZD-FW-DDRI - ZDental,600-300-ZD-FW-DDRI,Each,Z Dental,257,257
300-ZD-FW-DOMINION - ZDental,300-ZD-FW-DOMINION,Each,Z Dental,100,100
300-ZD-FW-GA - ZDental,300-ZD-FW-GA,Each,Z Dental,0,0
300-ZD-FW-GETRH - ZDental,300-ZD-FW-GETRH,Each,Z Dental,102,102
300-ZD-FW-NWFA - ZDental,300-ZD-FW-NWFA,Each,Z Dental,0,0
300-ZD-FW-ORTHO - ZDental,300-ZD-FW-ORTHO,Each,Z Dental,0,0
300-ZS-MINI-ZD - ZDental,300-ZS-MINI-ZD,Each,Z Dental,"5,001","5,001"
300-ZS-MINI - ZDental,300-ZS-MINI,Each,Z Dental,"5,001","5,001"
310-ZS-MINI-Y-RH-MBR - ZDental,310-ZS-MINI-Y-RH-MBR,Each,Z Dental,"1,297","1,297"
500-100-ZS-MINI-BLK - ZDental,500-100-ZS-MINI-BLK,Each,Z Dental,"5,001","5,001"
100-ZS-MINI-MBR - ZDental,100-ZS-MINI-MBR,Each,Z Dental,"5,001","5,001"
300-ZS-MINI-ALTUS - ZDental,300-ZS-MINI-ALTUS,Each,Z Dental,0,0
300-ZS-MINI-DCPG - ZDental,300-ZS-MINI-DCPG,Each,Z Dental,6,6
600-300-ZS-MINI-DD - ZDental,600-300-ZS-MINI-DD,Each,Z Dental,"1,521","1,521"
600-300-ZS-MINI-DDAZ - ZDental,600-300-ZS-MINI-DDAZ,Each,Z Dental,"1,521","1,521"
600-300-ZS-MINI-DDID - ZDental,600-300-ZS-MINI-DDID,Each,Z Dental,"1,521","1,521"
600-300-ZS-MINI-DDMA - ZDental,600-300-ZS-MINI-DDMA,Each,Z Dental,"1,521","1,521"
600-300-ZS-MINI-DDTN - ZDental,600-300-ZS-MINI-DDTN,Each,Z Dental,"1,521","1,521"
300-ZS-MINI-DOMINION - ZDental,300-ZS-MINI-DOMINION,Each,Z Dental,110,110
300-ZS-MINI-GA - ZDental,300-ZS-MINI-GA,Each,Z Dental,0,0
300-ZS-MINI-GETRH - ZDental,300-ZS-MINI-GETRH,Each,Z Dental,"5,001","5,001"
300-ZS-MINI-HCSHI - ZDental,300-ZS-MINI-HCSHI,Each,Z Dental,611,611
300-ZS-MINI-NFWA - ZDental,300-ZS-MINI-NFWA,Each,Z Dental,0,0
300-ZS-PRO-BLU - ZDental,300-ZS-PRO-BLU,Each,Z Dental,0,0
100-ZS-PRO-BLK - ZDental,100-ZS-PRO-BLK,Each,Z Dental,0,0
100-ZS-PRO - ZDental,100-ZS-PRO,Each,Z Dental,0,0
300-ZS-PRO-DCPG - ZDental,300-ZS-PRO-DCPG,Each,Z Dental,0,0
300-ZS-PRO-DD - ZDental,300-ZS-PRO-DD,Each,Z Dental,0,0
300-DDIA-PRO - ZDental,300-DDIA-PRO,Each,Z Dental,"1,982","1,982"
300-ZS-PRO-DDMA - ZDental,300-ZS-PRO-DDMA,Each,Z Dental,0,0
300-ZS-PRO-DDTN - ZDental,300-ZS-PRO-DDTN,Each,Z Dental,0,0
100-ZS-PRO-GETRH - ZDental,100-ZS-PRO-GETRH,Each,Z Dental,0,0
300-ZS-PRO-HCSHI - ZDental,300-ZS-PRO-HCSHI,Each,Z Dental,0,0
300-BLU-PLUSE - ZDental,300-BLU-PLUSE,Each,Z Dental,0,0
300-ZS-PULSE-CHARGER - ZDental,300-ZS-PULSE-CHARGER,Each,Z Dental,0,0
300-ZS-PULSE-DDID - ZDental,300-ZS-PULSE-DDID,Each,Z Dental,"1,278","1,278"
100-ZS-PULSE-MBR - ZDental,100-ZS-PULSE-MBR,Each,Z Dental,"2,060","2,060"
300-PULSE-BMC - ZDental,300-PULSE-BMC,Each,Z Dental,0,0
300-ZS-PULSE-CWA6215 - ZDental,300-ZS-PULSE-CWA6215,Each,Z Dental,5,5
300-ZS-PULSE-CWA7777 - ZDental,300-ZS-PULSE-CWA7777,Each,Z Dental,5,5
300-ZS-PULSE-DCPG - ZDental,300-ZS-PULSE-DCPG,Each,Z Dental,3,3
600-300-ZS-PULSE-DD - ZDental,600-300-ZS-PULSE-DD,Each,Z Dental,"1,278","1,278"
600-300-ZS-PULSE-DDAZ - ZDental,600-300-ZS-PULSE-DDAZ,Each,Z Dental,"1,278","1,278"
600-300-ZS-PULSE-DDMA - ZDental,600-300-ZS-PULSE-DDMA,Each,Z Dental,"1,278","1,278"
600-300-ZS-PULSE-DDNM - ZDental,600-300-ZS-PULSE-DDNM,Each,Z Dental,"1,278","1,278"
600-300-ZS-PULSE-DDRI - ZDental,600-300-ZS-PULSE-DDRI,Each,Z Dental,"1,278","1,278"
300-ZS-PULSE-DOMINION - ZDental,300-ZS-PULSE-DOMINION,Each,Z Dental,81,81
300-ZS-PULSE-GA - ZDental,300-ZS-PULSE-GA,Each,Z Dental,0,0
300-ZS-PULSE-MOO - ZDental,300-ZS-PULSE-MOO,Each,Z Dental,2,2
300-ZS-PULSE-NFWA - ZDental,300-ZS-PULSE-NFWA,Each,Z Dental,0,0
300-ZS-PULSE-SEIU925 - ZDental,300-ZS-PULSE-SEIU925,Each,Z Dental,60,60
300-ZS-PULSE-UFCW99 - ZDental,300-ZS-PULSE-UFCW99,Each,Z Dental,3,3
300-ZS-PULSE-ZD - ZDental,300-ZS-PULSE-ZD,Each,Z Dental,"2,060","2,060"
600-300-ZS-PULSE-DDTN - ZDental,600-300-ZS-PULSE-DDTN,Each,Z Dental,"1,278","1,278"
300-ZS-PULSE-LW - ZDental,300-ZS-PULSE-LW,Each,Z Dental,0,0
300-ZS-PULSE-ORTHOCORE - ZDental,300-ZS-PULSE-ORTHOCORE,Each,Z Dental,"2,060","2,060"
500-300-ZS-PULSE-AETNA - ZDental,500-300-ZS-PULSE-AETNA,Each,Z Dental,"2,060","2,060"
300-ZS-PREMERA - ZDental,300-ZS-PREMERA,Each,Z Dental,0,0
310-ZS-CLASSIC-RH-4CT - ZDental,310-ZS-CLASSIC-RH-4CT,Each,Z Dental,"4,290","4,290"
310-DELUXE-RH-2ct - ZDental,310-DELUXE-RH-2ct,Each,Z Dental,"2,200","2,200"
310-DELUXE-RH-4CT - ZDental,310-DELUXE-RH-4CT,Each,Z Dental,"2,200","2,200"
310-ZS-FW-RH-4CT - ZDental,310-ZS-FW-RH-4CT,Each,Z Dental,950,950
310-MINI-A-RH-4CT - ZDental,310-MINI-A-RH-4CT,Each,Z Dental,"13,332","13,332"
310-MINI-Y-RH-4CT - ZDental,310-MINI-Y-RH-4CT,Each,Z Dental,"7,848","7,848"
500-300-ZS-MINI-AETNA - ZDental,500-300-ZS-MINI-AETNA,Each,Z Dental,"13,332","13,332"
310-ZS-PREMIUM-RH-4CT - ZDental,310-ZS-PREMIUM-RH-4CT,Each,Z Dental,"3,756","3,756"
100-ZS-PULSE-BLK - ZDental,100-ZS-PULSE-BLK,Each,Z Dental,"2,950","2,950"
310-Z31-RH - ZDental,310-Z31-RH,Each,Z Dental,"4,660","4,660"
310-Z31-RH-30ct - ZDental,310-Z31-RH-30ct,Each,Z Dental,"4,660","4,660"
600-320-ZD-WF-DD - ZDental,600-320-ZD-WF-DD,Each,Z Dental,957,957
320-ZD-WF-SMP - ZDental,320-ZD-WF-SMP,Each,Z Dental,12,12
320-ZD-WF - ZDental,320-ZD-WF,Each,Z Dental,372,372
500-320-ZD-WF-AETNA-MBR - ZDental,500-320-ZD-WF-AETNA-MBR,Each,Z Dental,30,30
320-ZD-WF-ALTUS - ZDental,320-ZD-WF-ALTUS,Each,Z Dental,0,0
320-ZD-WF-DCPG - ZDental,320-ZD-WF-DCPG,Each,Z Dental,20,20
600-320-ZD-WF-DDAZ - ZDental,600-320-ZD-WF-DDAZ,Each,Z Dental,957,957
600-320-ZD-WF-DDID - ZDental,600-320-ZD-WF-DDID,Each,Z Dental,957,957
600-320-ZD-WF-DDMA - ZDental,600-320-ZD-WF-DDMA,Each,Z Dental,957,957
600-320-ZD-WF-DDNM - ZDental,600-320-ZD-WF-DDNM,Each,Z Dental,957,957
600-320-ZD-WF-DDRI - ZDental,600-320-ZD-WF-DDRI,Each,Z Dental,957,957
320-ZD-WF-DOMINION - ZDental,320-ZD-WF-DOMINION,Each,Z Dental,40,40
320-ZD-WF-GETRH - ZDental,320-ZD-WF-GETRH,Each,Z Dental,372,372
320-ZD-WF-ORTHO - ZDental,320-ZD-WF-ORTHO,Each,Z Dental,372,372
300-USB-MICRO - ZDental,300-USB-MICRO,Each,Z Dental,,
870-HS-1GAL - ZDental,870-HS-1GAL,Each,Z Dental,0,0
100-HS-2OZ-AENTA-MBR - ZDental,100-HS-2OZ-AENTA-MBR,Each,Z Dental,"1,404","1,404"
100-HS-2OZ-AETNA-BLK - ZDental,100-HS-2OZ-AETNA-BLK,Each,Z Dental,"1,404","1,404"
100-HS-4OZ-AETNA-BLK - ZDental,100-HS-4OZ-AETNA-BLK,Each,Z Dental,"1,392","1,392"
100-HS-4OZ-AETNA-MBR - ZDental,100-HS-4OZ-AETNA-MBR,Each,Z Dental,"1,392","1,392"
875-LIP BALM VANILLA - ZDental,875-LIP BALM VANILLA,Each,Z Dental,"2,800","2,800"
600-815-MINTS-DDOK - ZDental,600-815-MINTS-DDOK,Each,Z Dental,0,0
885-TISPAK - ZDental,885-TISPAK,Each,Z Dental,314,314
600-830-POUCH-DD-8.5X11 - ZDental,600-830-POUCH-DD-8.5X11,Each,Z Dental,"4,222","4,222"
500-100-POUCH-8X10 - ZDental,500-100-POUCH-8X10,Each,Z Dental,"5,181","5,181"
600-830-POUCH-DD-8X6 - ZDental,600-830-POUCH-DD-8X6,Each,Z Dental,"2,000","2,000"
830-POUCH-BLUE-11X8 - ZDental,830-POUCH-BLUE-11X8,Each,Z Dental,"1,850","1,850"
830-POUCH-BLUE-8X6 - ZDental,830-POUCH-BLUE-8X6,Each,Z Dental,739,739
600-830-POUCH-DD-9X4 - ZDental,600-830-POUCH-DD-9X4,Each,Z Dental,584,584
600-830-POUCH-DDNJ-9X4 - ZDental,600-830-POUCH-DDNJ-9X4,Each,Z Dental,28,28
830-POUCH-PUR-HT-9X4 - ZDental,830-POUCH-PUR-HT-9X4,Each,Z Dental,"1,177","1,177"
830-POUCH-BLUE-9X4 - ZDental,830-POUCH-BLUE-9X4,Each,Z Dental,"3,016","3,016"
830-POUCH-GRN-9X4 - ZDental,830-POUCH-GRN-9X4,Each,Z Dental,350,350
830-POUCH-PNK-9X4 - ZDental,830-POUCH-PNK-9X4,Each,Z Dental,"1,249","1,249"
830-POUCH-PUR-9X4 - ZDental,830-POUCH-PUR-9X4,Each,Z Dental,"1,229","1,229"
830-POUCH-ALTUS - ZDental,830-POUCH-ALTUS,Each,Z Dental,256,256
830-POUCH-CL - ZDental,830-POUCH-CL,Each,Z Dental,"41,472","41,472"
830-POUCH-GRN-HT-9x4 - ZDental,830-POUCH-GRN-HT-9x4,Each,Z Dental,963,963
830-POUCH-BLUE-HT-9x4 - ZDental,830-POUCH-BLUE-HT-9x4,Each,Z Dental,671,671
830-POUCH-PNK-HT-9x4 - ZDental,830-POUCH-PNK-HT-9x4,Each,Z Dental,"2,684","2,684"
830-NEO-POUCH-DD - ZDental,830-NEO-POUCH-DD,Each,Z Dental,50,50
100-THERM-BLK - ZDental,100-THERM-BLK,Each,Z Dental,54,54
100-THERM-MBR - ZDental,100-THERM-MBR,Each,Z Dental,54,54
Ortho-giveaway-bag - ZDental,Ortho-giveaway-bag,Each,Z Dental,0,0
Bag-ZSBlu - ZDental,Bag-ZSBlu,Each,Z Dental,0,0
Bag-ZSGRN - ZDental,Bag-ZSGRN,Each,Z Dental,0,0
Bottle-WB20C - ZDental,Bottle-WB20C,Each,Z Dental,0,0
600-840-TUMBLER-DD - ZDental,600-840-TUMBLER-DD,Each,Z Dental,0,0
1300-BEAR-B - ZDental,1300-BEAR-B,Each,Z Dental,0,0
600-1300-BEAR-DD - ZDental,600-1300-BEAR-DD,Each,Z Dental,0,0
1300-BEAR-KOALA - ZDental,1300-BEAR-KOALA,Each,Z Dental,0,0
1300-PUPPET - ZDental,1300-PUPPET,Each,Z Dental,0,0
1300-BEAR-PLUSH - ZDental,1300-BEAR-PLUSH,Each,Z Dental,0,0
1300-BEAR-V097 - ZDental,1300-BEAR-V097,Each,Z Dental,23,23
1300-BEAR-W - ZDental,1300-BEAR-W,Each,Z Dental,0,0
600-300-ZS-PULSE-KIT-DDID - ZDental,600-300-ZS-PULSE-KIT-DDID,Each,Z Dental,0,0
500-AETNA-ADT-BLK - ZDental,500-AETNA-ADT-BLK,Each,Z Dental,0,0
500-AETNA-TRVL - ZDental,500-AETNA-TRVL,Each,Z Dental,5,5
500-AETNA-ADT-HLTH - ZDental,500-AETNA-ADT-HLTH,Each,Z Dental,8,8
500-AETNA-BABY-BLK - ZDental,500-AETNA-BABY-BLK,Each,Z Dental,40,40
500-AETNA-KIDS BLK - ZDental,500-AETNA-KIDS BLK,Each,Z Dental,4,4
500-AETNA-BABY-HLTH-MBR - ZDental,500-AETNA-BABY-HLTH-MBR,Each,Z Dental,40,40
500-AETNA-TEEN-MBR - ZDental,500-AETNA-TEEN-MBR,Each,Z Dental,11,11
500-AETNA-TRVL-HYG-MBR - ZDental,500-AETNA-TRVL-HYG-MBR,Each,Z Dental,5,5
500-AETNA-TEEN-BLK - ZDental,500-AETNA-TEEN-BLK,Each,Z Dental,11,11
500-AETNA-TRVL-BLK - ZDental,500-AETNA-TRVL-BLK,Each,Z Dental,5,5
310-RHpZS4 - ZDental,310-RHpZS4,Each,Z Dental,0,0
100-Sample Pack - ZDental,100-Sample Pack,Each,Z Dental,0,0
9000-BOX - ZDental,9000-BOX,Each,Z Dental,0,0
850-BABY-S2 - ZDental,850-BABY-S2,Each,Z Dental,0,0
850-BABY-S4 - ZDental,850-BABY-S4,Each,Z Dental,0,0
850-BABY-S8 - ZDental,850-BABY-S8,Each,Z Dental,0,0
850-BABY-SDK-8 - ZDental,850-BABY-SDK-8,Each,Z Dental,0,0
830-BOOK POUCHES - ZDental,830-BOOK POUCHES,Each,Z Dental,0,0
840-BOTTLE - ZDental,840-BOTTLE,Each,Z Dental,0,0
810-COMB7 - ZDental,810-COMB7,Each,Z Dental,0,0
810-COMB-DK - ZDental,810-COMB-DK,Each,Z Dental,"1,683","1,683"
810-COMB-NW - ZDental,810-COMB-NW,Each,Z Dental,315,315
110-CONFC2 - ZDental,110-CONFC2,Each,Z Dental,"1,083","1,083"
110-CONFC4 - ZDental,110-CONFC4,Each,Z Dental,339,339
870-CREST-TP-ADULT - ZDental,870-CREST-TP-ADULT,Each,Z Dental,182,182
100-CREST-TP-ADULT - ZDental,100-CREST-TP-ADULT,Each,Z Dental,182,182
870-CREST-TB-YOUTH - ZDental,870-CREST-TB-YOUTH,Each,Z Dental,46,46
100-CREST-TP-YOUTH - ZDental,100-CREST-TP-YOUTH,Each,Z Dental,46,46
825-DEO-16 - ZDental,825-DEO-16,Each,Z Dental,975,975
825-DEO-5 - ZDental,825-DEO-5,Each,Z Dental,840,840
825-DEO-DM-16 - ZDental,825-DEO-DM-16,Each,Z Dental,0,0
110-FACIAL-BAR-SOAP - ZDental,110-FACIAL-BAR-SOAP,Each,Z Dental,0,0
865-HAIR-B - ZDental,865-HAIR-B,Each,Z Dental,"4,608","4,608"
810-HAIR-PICK - ZDental,810-HAIR-PICK,Each,Z Dental,270,270
870-HANDS-2FS - ZDental,870-HANDS-2FS,Each,Z Dental,"1,395","1,395"
870-HANDS-4FS - ZDental,870-HANDS-4FS,Each,Z Dental,542,542
865-HB - ZDental,865-HB,Each,Z Dental,676,676
110-LOTION-1FS - ZDental,110-LOTION-1FS,Each,Z Dental,0,0
110-LOTION-2FS - ZDental,110-LOTION-2FS,Each,Z Dental,"1,050","1,050"
110-LOTION-4FS - ZDental,110-LOTION-4FS,Each,Z Dental,157,157
110-LOTION-8FS - ZDental,110-LOTION-8FS,Each,Z Dental,25,25
110-LOTION-FBL4 - ZDental,110-LOTION-FBL4,Each,Z Dental,0,0
100-275-TP-275-NB - ZDental,100-275-TP-275-NB,Each,Z Dental,0,0
100-TUMBLER - ZDental,100-TUMBLER,Each,Z Dental,0,0
110-Washcloth - ZDental,110-Washcloth,Each,Z Dental,284,284
882-RAZOR - ZDental,882-RAZOR,Each,Z Dental,0,0
1200-AVK465 - ZDental,1200-AVK465,Each,Z Dental,"3,456","3,456"
1200-CHILD-VALUE-DENTAL - ZDental,1200-CHILD-VALUE-DENTAL,Each,Z Dental,0,0
1200-CPK326 - ZDental,1200-CPK326,Each,Z Dental,"3,897","3,897"
600-1200-DD - ZDental,600-1200-DD,Each,Z Dental,0,0
1200-KIT-ALTUS - ZDental,1200-KIT-ALTUS,Each,Z Dental,0,0
1200-KIT-130 - ZDental,1200-KIT-130,Each,Z Dental,0,0
1200-KIT-138 - ZDental,1200-KIT-138,Each,Z Dental,0,0
1200-KIT-151 - ZDental,1200-KIT-151,Each,Z Dental,0,0
1200-KIT-819 - ZDental,1200-KIT-819,Each,Z Dental,0,0
1200-KIT-AL-EV-G&D-BOYS - ZDental,1200-KIT-AL-EV-G&D-BOYS,Each,Z Dental,0,0
1200-KIT-AL-EV-G&D-GIRLS - ZDental,1200-KIT-AL-EV-G&D-GIRLS,Each,Z Dental,0,0
1200-KIT-AL-IRVINE - ZDental,1200-KIT-AL-IRVINE,Each,Z Dental,0,0
1200-KIT-AL-FLAGSTAFF - ZDental,1200-KIT-AL-FLAGSTAFF,Each,Z Dental,0,0
1200-KIT-AL-KS-BRUSH - ZDental,1200-KIT-AL-KS-BRUSH,Each,Z Dental,0,0
1200-KIT-AL-KS-PICK - ZDental,1200-KIT-AL-KS-PICK,Each,Z Dental,0,0
1200-KIT-BMC - ZDental,1200-KIT-BMC,Each,Z Dental,0,0
1200-CHS-ADULT - ZDental,1200-CHS-ADULT,Each,Z Dental,0,0
1200-CHS-KIDS - ZDental,1200-CHS-KIDS,Each,Z Dental,0,0
800-CKITZIP - ZDental,800-CKITZIP,Each,Z Dental,"1,000","1,000"
600-1200-KIT-DD - ZDental,600-1200-KIT-DD,Each,Z Dental,0,0
600-1200-KIT-DD-CP - ZDental,600-1200-KIT-DD-CP,Each,Z Dental,0,0
600-BAG-DD - ZDental,600-BAG-DD,Each,Z Dental,0,0
600-1200-DDKIDS-CP - ZDental,600-1200-DDKIDS-CP,Each,Z Dental,0,0
600-1200-KIT-DDMA - ZDental,600-1200-KIT-DDMA,Each,Z Dental,0,0
600-1200-KIT-DDNJ - ZDental,600-1200-KIT-DDNJ,Each,Z Dental,0,0
1200-KIT-JR - ZDental,1200-KIT-JR,Each,Z Dental,0,0
1200-KIT-KEN-C - ZDental,1200-KIT-KEN-C,Each,Z Dental,0,0
1200-KIT-SJ-ADULT - ZDental,1200-KIT-SJ-ADULT,Each,Z Dental,0,0
1200-KIT-SJ-ADULT-NO TP - ZDental,1200-KIT-SJ-ADULT-NO TP,Each,Z Dental,0,0
1200-KIT-SJ-KIDS - ZDental,1200-KIT-SJ-KIDS,Each,Z Dental,0,0
1200-SJ-KIDS-NO TP - ZDental,1200-SJ-KIDS-NO TP,Each,Z Dental,0,0
1200-KIT-Z-MINI - ZDental,1200-KIT-Z-MINI,Each,Z Dental,0,0
600-1200-KIT-DDTN - ZDental,600-1200-KIT-DDTN,Each,Z Dental,0,0
1200-DOMINION-KIDS - ZDental,1200-DOMINION-KIDS,Each,Z Dental,0,0
1200-F-5-SA-SJ - ZDental,1200-F-5-SA-SJ,Each,Z Dental,0,0
1200-KIT-POUCH-151 - ZDental,1200-KIT-POUCH-151,Each,Z Dental,0,0
1200-KIT-POUCH-815-DE - ZDental,1200-KIT-POUCH-815-DE,Each,Z Dental,0,0
1200-PROMISE KIT - ZDental,1200-PROMISE KIT,Each,Z Dental,144,144
1200-130-BK - KillerSmilez,1200-130-BK,Each,Killer Smilez,"31,104","31,104"
100-138-Z-BK - KillerSmilez,100-138-Z-BK,Each,Killer Smilez,"1,152","1,152"
100-151-Z-BK - KillerSmilez,100-151-Z-BK,Each,Killer Smilez,"23,472","23,472"
100-202-Z-BK - KillerSmilez,100-202-Z-BK,Each,Killer Smilez,"3,744","3,744"
100-236-BK - KillerSmilez,100-236-BK,Each,Killer Smilez,"5,328","5,328"
120-TOOT-BK - KillerSmilez,120-TOOT-BK,Each,Killer Smilez,"1,512","1,512"
120-2TIMER-BK - KillerSmilez,120-2TIMER-BK,Each,Killer Smilez,504,504
100-330-BK - KillerSmilez,100-330-BK,Each,Killer Smilez,720,720
100-500-BK - KillerSmilez,100-500-BK,Each,Killer Smilez,"8,496","8,496"
100-626-BK - KillerSmilez,100-626-BK,Each,Killer Smilez,288,288
100-815-BK - KillerSmilez,100-815-BK,Each,Killer Smilez,"17,280","17,280"
100-819-ULT-BK - KillerSmilez,100-819-ULT-BK,Each,Killer Smilez,"14,688","14,688"
100-819-BK - KillerSmilez,100-819-BK,Each,Killer Smilez,"32,256","32,256"
100-819-S-BK - KillerSmilez,100-819-S-BK,Each,Killer Smilez,0,0
100-823-BK - KillerSmilez,100-823-BK,Each,Killer Smilez,"2,448","2,448"
100-826-BK - KillerSmilez,100-826-BK,Each,Killer Smilez,"4,320","4,320"
100-826-F-BK - KillerSmilez,100-826-F-BK,Each,Killer Smilez,"5,904","5,904"
100-858-BK - KillerSmilez,100-858-BK,Each,Killer Smilez,"14,976","14,976"
110-SS08-BK - KillerSmilez,110-SS08-BK,Each,Killer Smilez,"3,672","3,672"
300-ZS-MINI - KillerSmilez,300-ZS-MINI,Each,Killer Smilez,472,472
300-ZS-PULSE - KillerSmilez,300-ZS-PULSE,Each,Killer Smilez,"2,950","2,950"
320-ZD-WF - KillerSmilez,320-ZD-WF,Each,Killer Smilez,"1,425","1,425"
300-ZD-FW - KillerSmilez,300-ZD-FW,Each,Killer Smilez,"2,542","2,542"
